ts	phase	decision	why	evidence	result
2026-09-24T06:01:19Z	frame	set exit predicate for UI redesign issue run	autonomous-run requires a checkable stop condition before iteration	/Users/steven.espaillat/.agents/skills/poteto-mode/playbooks/autonomous-run.md	open until issues exist and verify via gh
2026-09-24T06:03:04Z	context	used repo to-tickets format and GitHub issue conventions	the repository skill and existing issues require Goal, Locked, Acceptance, Out of scope, Refs, Process	.agents/skills/to-tickets/SKILL.md; gh issue list --repo Steven-Espaillat/Helix	ticket format fixed
2026-09-24T06:04:23Z	grill	recorded UI domain terms and ADR for the v1 workspace	grill-with-docs uses domain modeling and the tab removal is a durable decision with tradeoffs	CONTEXT.md; docs/adr/0022-adopt-stage-gated-workspace.md	domain docs updated
2026-09-24T06:04:48Z	grill	completed grill-with-docs synthesis without user interview	the user explicitly said not to stop, so reversible product-scope choices used documented reference behavior	.scratch/helix-ui-redesign-v1/grill-with-docs.md	grill artifact ready
2026-09-24T06:05:42Z	spec	wrote the UI redesign spec artifact	to-spec requires synthesis from existing context without an interview	docs/specifications/helix-v1-ui-redesign.md	spec ready to publish
2026-09-24T06:09:11Z	tickets	drafted idempotent publisher and coverage matrix	to-tickets requires blocking edges and source coverage before publishing	.scratch/helix-ui-redesign-v1/publish_issues.py; .scratch/helix-ui-redesign-v1/coverage-matrix.md	ready to publish issues
2026-09-24T06:09:43Z	publish	created GitHub spec and UI redesign ticket issues	the user required GitHub issues and the publisher avoids duplicate titles on rerun	.scratch/helix-ui-redesign-v1/published-issues.json	created issues #17-#27
2026-09-24T06:10:22Z	verify	verified spec and tickets on GitHub	prove-it-works requires checking the real GitHub issues, not local drafts	.scratch/helix-ui-redesign-v1/verification.json	predicate met for issues #17-#27
2026-09-24T06:10:40Z	verify	spot-checked GitHub issue body process edges	the ticket needs actual issue-number dependencies after publication	gh issue view 22 --repo Steven-Espaillat/Helix	issue #22 names blockers #21 and blocks #23/#27
2026-09-24T06:11:21Z	audit	audited decision log evidence paths	show-me-your-work requires evidence pointers to resolve	.audit/ui-redesign-phase.tsv; python evidence-path check	all logged local evidence paths exist
